id,class
0,cSnow
1,cSnow
2,cSnow
3,cSnow
4,cSnow
5,cSnow
6,cSnow
7,cSnow
8,cSnow
9,cSnow
10,cSnow
11,cSnow
12,cSnow
13,cSnow
14,cSnow
15,cSnow
16,cSnow
17,cSnow
18,cSnow
19,cSnow
20,cSnow
21,cSnow
22,cSnow
23,cSnow
24,cSnow
25,cSnow
26,cSnow
27,cSnow
28,cSnow
29,cSnow
30,cSnow
31,cSnow
32,cSnow
33,cSnow
34,cSnow
35,cSnow
36,cSnow
37,cSnow
38,cSnow
39,cSnow
40,cSnow
41,cSnow
42,cSnow
43,cSnow
44,cSnow
45,cSnow
46,cSnow
47,cSnow
48,cSnow
49,cSnow
50,cSnow
51,cSnow
52,cSnow
53,cSnow
54,cSnow
55,cSnow
56,cSnow
57,cSnow
58,cSnow
59,cSnow
60,cSnow
61,cSnow
62,cSnow
63,cSnow
64,cSnow
65,cSnow
66,cSnow
67,cSnow
68,cSnow
69,cSnow
70,cSnow
71,cSnow
72,cSnow
73,cSnow
74,cSnow
75,cSnow
76,cSnow
77,cSnow
78,cSnow
79,cSnow
80,cSnow
81,cSnow
82,cSnow
83,cSnow
84,cSnow
85,cSnow
86,cSnow
87,cSnow
88,cSnow
89,cSnow
90,cSnow
91,cSnow
92,cSnow
93,cSnow
94,cSnow
95,cSnow
96,cSnow
97,cSnow
98,cSnow
99,cSnow
100,cSnow
101,cSnow
102,cSnow
103,cSnow
104,cSnow
105,cSnow
106,cSnow
107,cSnow
108,cSnow
109,cSnow
110,cSnow
111,cSnow
112,cSnow
113,cSnow
114,cSnow
115,cSnow
116,cSnow
117,cSnow
118,cSnow
119,cSnow
120,cSnow
121,cSnow
122,cSnow
123,cSnow
124,cSnow
125,cSnow
126,cSnow
127,cSnow
128,cSnow
129,cSnow
130,cSnow
131,cSnow
132,cSnow
133,cSnow
134,cSnow
135,cSnow
136,cSnow
137,cSnow
138,cSnow
139,cSnow
140,cSnow
141,cSnow
142,cSnow
143,cSnow
144,cSnow
145,cSnow
146,cSnow
147,cSnow
148,cSnow
149,cSnow
150,cSnow
151,cSnow
152,cSnow
153,cSnow
154,cSnow
155,cSnow
156,cSnow
157,cSnow
158,cSnow
159,cSnow
160,cSnow
161,cSnow
162,cSnow
163,cSnow
164,cSnow
165,cSnow
166,cSnow
167,cSnow
168,cSnow
169,cSnow
170,cSnow
171,cSnow
172,cSnow
173,cSnow
174,cSnow
175,cSnow
176,cSnow
177,cSnow
178,cSnow
179,cSnow
180,cSnow
181,cSnow
182,cSnow
183,cSnow
184,cSnow
185,cSnow
186,cSnow
187,cSnow
188,cSnow
189,cSnow
190,cSnow
191,cSnow
192,cSnow
193,cSnow
194,cSnow
195,cSnow
196,cSnow
197,cSnow
198,cSnow
199,cSnow
200,cSnow
201,cSnow
202,cSnow
203,cSnow
204,cSnow
205,cSnow
206,cSnow
207,cSnow
208,cSnow
209,cSnow
210,cSnow
211,cSnow
212,cSnow
213,cSnow
214,cSnow
215,cSnow
216,cSnow
217,cSnow
218,cSnow
219,cSnow
220,cSnow
221,cSnow
222,cSnow
223,cSnow
224,cSnow
225,cSnow
226,cSnow
227,cSnow
228,cSnow
229,cSnow
230,cSnow
231,cSnow
232,cSnow
233,cSnow
234,cSnow
235,cSnow
236,cSnow
237,cSnow
238,cSnow
239,cSnow
240,cSnow
241,cSnow
242,cSnow
243,cSnow
244,cSnow
245,cSnow
246,cSnow
247,cSnow
248,cSnow
249,cSnow
250,cSnow
251,cSnow
252,cSnow
253,cSnow
254,cSnow
255,cSnow
256,cSnow
257,cSnow
258,cSnow
259,cSnow
260,cSnow
261,cSnow
262,cSnow
263,cSnow
264,cSnow
265,cSnow
266,cSnow
267,cSnow
268,cSnow
269,cSnow
270,cSnow
271,cSnow
272,cSnow
273,cSnow
274,cSnow
275,cSnow
276,cSnow
277,cSnow
278,cSnow
279,cSnow
280,cSnow
281,cSnow
282,cSnow
283,cSnow
284,cSnow
285,cSnow
286,cSnow
287,cSnow
288,cSnow
289,cSnow
290,cSnow
291,cSnow
292,cSnow
293,cSnow
294,cSnow
295,cSnow
296,cSnow
297,cSnow
298,cSnow
299,cSnow
300,cSnow
301,cSnow
302,cSnow
303,cSnow
304,cSnow
305,cSnow
306,cSnow
307,cSnow
308,cSnow
309,cSnow
310,cSnow
311,cSnow
312,cSnow
313,cSnow
314,cSnow
315,cSnow
316,cSnow
317,cSnow
318,cSnow
319,cSnow
320,cSnow
321,cSnow
322,cSnow
323,cSnow
324,cSnow
325,cSnow
326,cSnow
327,cSnow
328,cSnow
329,cSnow
330,cSnow
331,cSnow
332,cSnow
333,cSnow
334,cSnow
335,cSnow
336,cSnow
337,cSnow
338,cSnow
339,cSnow
340,cSnow
341,cSnow
342,cSnow
343,cSnow
344,cSnow
345,cSnow
346,cSnow
347,cSnow
348,cSnow
349,cSnow
350,cSnow
351,cSnow
352,cSnow
353,cSnow
354,cSnow
355,cSnow
356,cSnow
357,cSnow
358,cSnow
359,cSnow
360,cSnow
361,cSnow
362,cSnow
363,cSnow
364,cSnow
365,cSnow
366,cSnow
367,cSnow
368,cSnow
369,cSnow
370,cSnow
371,cSnow
372,cSnow
373,cSnow
374,cSnow
375,cSnow
376,cSnow
377,cSnow
378,cSnow
379,cSnow
380,cSnow
381,cSnow
382,cSnow
383,cSnow
384,cSnow
385,cSnow
386,cSnow
387,cSnow
388,cSnow
389,cSnow
390,cSnow
391,cSnow
392,cSnow
393,cSnow
394,cSnow
395,cSnow
396,cSnow
397,cSnow
398,cSnow
399,cSnow
400,cSnow
401,cSnow
402,cSnow
403,cSnow
404,cSnow
405,cSnow
406,cSnow
407,cSnow
408,cSnow
409,cSnow
410,cSnow
411,cSnow
412,cSnow
413,cSnow
414,cSnow
415,cSnow
416,cSnow
417,cSnow
418,cSnow
419,cSnow
420,cSnow
421,cSnow
422,cSnow
423,cSnow
424,cSnow
425,cSnow
426,cSnow
427,cSnow
428,cSnow
429,cSnow
430,cSnow
431,cSnow
432,cSnow
433,cSnow
434,cSnow
435,cSnow
436,cSnow
437,cSnow
438,cSnow
439,cSnow
440,cSnow
441,cSnow
442,cSnow
443,cSnow
444,cSnow
445,cSnow
446,cSnow
447,cSnow
448,cSnow
449,cSnow
450,cSnow
451,cSnow
452,cSnow
453,cSnow
454,cSnow
455,cSnow
456,cSnow
457,cSnow
458,cSnow
459,cSnow
460,cSnow
461,cSnow
462,cSnow
463,cSnow
464,cSnow
465,cSnow
466,cSnow
467,cSnow
468,cSnow
469,cSnow
470,cSnow
471,cSnow
472,cSnow
473,cSnow
474,cSnow
475,cSnow
476,cSnow
477,cSnow
478,cSnow
479,cSnow
480,cSnow
481,cSnow
482,cSnow
483,cSnow
484,cSnow
485,cSnow
486,cSnow
487,cSnow
488,cSnow
489,cSnow
490,cSnow
491,cSnow
492,cSnow
493,cSnow
494,cSnow
495,cSnow
496,cSnow
497,cSnow
498,cSnow
499,cSnow
500,cSnow
501,cSnow
502,cSnow
503,cSnow
504,cSnow
505,cSnow
506,cSnow
507,cSnow
508,cSnow
509,cSnow
510,cSnow
511,cSnow
512,cSnow
513,cSnow
514,cSnow
515,cSnow
516,cSnow
517,cSnow
518,cSnow
519,cSnow
520,cSnow
521,cSnow
522,cSnow
523,cSnow
524,cSnow
525,cSnow
526,cSnow
527,cSnow
528,cSnow
529,cSnow
530,cSnow
531,cSnow
532,cSnow
533,cSnow
534,cSnow
535,cSnow
536,cSnow
537,cSnow
538,cSnow
539,cSnow
540,cSnow
541,cSnow
542,cSnow
543,cSnow
544,cSnow
545,cSnow
546,cSnow
547,cSnow
548,cSnow
549,cSnow
550,cSnow
551,cSnow
552,cSnow
553,cSnow
554,cSnow
555,cSnow
556,cSnow
557,cSnow
558,cSnow
559,cSnow
560,cSnow
561,cSnow
562,cSnow
563,cSnow
564,cSnow
565,cSnow
566,cSnow
567,cSnow
568,cSnow
569,cSnow
570,cSnow
571,cSnow
572,cSnow
573,cSnow
574,cSnow
575,cSnow
576,cSnow
577,cSnow
578,cSnow
579,cSnow
580,cSnow
581,cSnow
582,cSnow
583,cSnow
584,cSnow
585,cSnow
586,cSnow
587,cSnow
588,cSnow
589,cSnow
590,cSnow
591,cSnow
592,cSnow
593,cSnow
594,cSnow
595,cSnow
596,cSnow
597,cSnow
598,cSnow
599,cSnow
600,cSnow
601,cSnow
602,cSnow
603,cSnow
604,cSnow
605,cSnow
606,cSnow
607,cSnow
608,cSnow
609,cSnow
610,cSnow
611,cSnow
612,cSnow
613,cSnow
614,cSnow
615,cSnow
616,cSnow
617,cSnow
618,cSnow
619,cSnow
620,cSnow
621,cSnow
622,cSnow
623,cSnow
624,cSnow
625,cSnow
626,cSnow
627,cSnow
628,cSnow
629,cSnow
630,cSnow
631,cSnow
632,cSnow
633,cSnow
634,cSnow
635,cSnow
636,cSnow
637,cSnow
638,cSnow
639,cSnow
640,cSnow
641,cSnow
642,cSnow
643,cSnow
644,cSnow
645,cSnow
646,cSnow
647,cSnow
648,cSnow
649,cSnow
650,cSnow
651,cSnow
652,cSnow
653,cSnow
654,cSnow
655,cSnow
656,cSnow
657,cSnow
658,cSnow
659,cSnow
660,cSnow
661,cSnow
662,cSnow
663,cSnow
664,cSnow
665,cSnow
666,cSnow
667,cSnow
668,cSnow
669,cSnow
670,cSnow
671,cSnow
672,cSnow
673,cSnow
674,cSnow
675,cSnow
676,cSnow
677,cSnow
678,cSnow
679,cSnow
680,cSnow
681,cSnow
682,cSnow
683,cSnow
684,cSnow
685,cSnow
686,cSnow
687,cSnow
688,cSnow
689,cSnow
690,cSnow
691,cSnow
692,cSnow
693,cSnow
694,cSnow
695,cSnow
696,cSnow
697,cSnow
698,cSnow
699,cSnow
700,cSnow
701,cSnow
702,cSnow
703,cSnow
704,cSnow
705,cSnow
706,cSnow
707,cSnow
708,cSnow
709,cSnow
710,cSnow
711,cSnow
712,cSnow
713,cSnow
714,cSnow
715,cSnow
716,cSnow
717,cSnow
718,cSnow
719,cSnow
720,cSnow
721,cSnow
722,cSnow
723,cSnow
724,cSnow
725,cSnow
726,cSnow
727,cSnow
728,cSnow
729,cSnow
730,cSnow
731,cSnow
732,cSnow
733,cSnow
734,cSnow
735,cSnow
736,cSnow
737,cSnow
738,cSnow
739,cSnow
740,cSnow
741,cSnow
742,cSnow
743,cSnow
744,cSnow
745,cSnow
746,cSnow
747,cSnow
748,cSnow
749,cSnow
750,cSnow
751,cSnow
752,cSnow
753,cSnow
754,cSnow
755,cSnow
756,cSnow
757,cSnow
758,cSnow
759,cSnow
760,cSnow
761,cSnow
762,cSnow
763,cSnow
764,cSnow
765,cSnow
766,cSnow
767,cSnow
768,cSnow
769,cSnow
770,cSnow
771,cSnow
772,cSnow
773,cSnow
774,cSnow
775,cSnow
776,cSnow
777,cSnow
778,cSnow
779,cSnow
780,cSnow
781,cSnow
782,cSnow
783,cSnow
784,cSnow
785,cSnow
786,cSnow
787,cSnow
788,cSnow
789,cSnow
790,cSnow
791,cSnow
792,cSnow
793,cSnow
794,cSnow
795,cSnow
796,cSnow
797,cSnow
798,cSnow
799,cSnow
800,cSnow
801,cSnow
802,cSnow
803,cSnow
804,cSnow
805,cSnow
806,cSnow
807,cSnow
808,cSnow
809,cSnow
810,cSnow
811,cSnow
812,cSnow
813,cSnow
814,cSnow
815,cSnow
816,cSnow
817,cSnow
818,cSnow
819,cSnow
820,cSnow
821,cSnow
822,cSnow
823,cSnow
824,cSnow
825,cSnow
826,cSnow
827,cSnow
828,cSnow
829,cSnow
830,cSnow
831,cSnow
832,cSnow
833,cSnow
834,cSnow
835,cSnow
836,cSnow
837,cSnow
838,cSnow
839,cSnow
840,cSnow
841,cSnow
842,cSnow
843,cSnow
844,cSnow
845,cSnow
846,cSnow
847,cSnow
848,cSnow
849,cSnow
850,cSnow
851,cSnow
852,cSnow
853,cSnow
854,cSnow
855,cSnow
856,cSnow
857,cSnow
858,cSnow
859,cSnow
860,cSnow
861,cSnow
862,cSnow
863,cSnow
864,cSnow
865,cSnow
866,cSnow
867,cSnow
868,cSnow
869,cSnow
870,cSnow
871,cSnow
872,cSnow
873,cSnow
874,cSnow
875,cSnow
876,cSnow
877,cSnow
878,cSnow
879,cSnow
880,cSnow
881,cSnow
882,cSnow
883,cSnow
884,cSnow
885,cSnow
886,cSnow
887,cSnow
888,cSnow
889,cSnow
890,cSnow
891,cSnow
892,cSnow
893,cSnow
894,cSnow
895,cSnow
896,cSnow
897,cSnow
898,cSnow
899,cSnow
900,cSnow
901,cSnow
902,cSnow
903,cSnow
904,cSnow
905,cSnow
906,cSnow
907,cSnow
908,cSnow
909,cSnow
910,cSnow
911,cSnow
912,cSnow
913,cSnow
914,cSnow
915,cSnow
916,cSnow
917,cSnow
918,cSnow
919,cSnow
920,cSnow
921,cSnow
922,cSnow
923,cSnow
924,cSnow
925,cSnow
926,cSnow
927,cSnow
928,cSnow
929,cSnow
930,cSnow
931,cSnow
932,cSnow
933,cSnow
934,cSnow
935,cSnow
936,cSnow
937,cSnow
938,cSnow
939,cSnow
940,cSnow
941,cSnow
942,cSnow
943,cSnow
944,cSnow
945,cSnow
946,cSnow
947,cSnow
948,cSnow
949,cSnow
950,cSnow
951,cSnow
952,cSnow
953,cSnow
954,cSnow
955,cSnow
956,cSnow
957,cSnow
958,cSnow
959,cSnow
960,cSnow
961,cSnow
962,cSnow
963,cSnow
964,cSnow
965,cSnow
966,cSnow
967,cSnow
968,cSnow
969,cSnow
970,cSnow
971,cSnow
972,cSnow
973,cSnow
974,cSnow
975,cSnow
976,cSnow
977,cSnow
978,cSnow
979,cSnow
980,cSnow
981,cSnow
982,cSnow
983,cSnow
984,cSnow
985,cSnow
986,cSnow
987,cSnow
988,cSnow
989,cSnow
990,cSnow
991,cSnow
992,cSnow
993,cSnow
994,cSnow
995,cSnow
996,cSnow
997,cSnow
998,cSnow
999,cSnow
1000,cSnow
1001,cSnow
1002,cSnow
1003,cSnow
1004,cSnow
1005,cSnow
1006,cSnow
1007,cSnow
1008,cSnow
1009,cSnow
1010,cSnow
1011,cSnow
1012,cSnow
1013,cSnow
1014,cSnow
1015,cSnow
1016,cSnow
1017,cSnow
1018,cSnow
1019,cSnow
1020,cSnow
1021,cSnow
1022,cSnow
1023,cSnow
1024,cSnow
1025,cSnow
1026,cSnow
1027,cSnow
1028,cSnow
1029,cSnow
1030,cSnow
1031,cSnow
1032,cSnow
1033,cSnow
1034,cSnow
1035,cSnow
1036,cSnow
1037,cSnow
1038,cSnow
1039,cSnow
1040,cSnow
1041,cSnow
1042,cSnow
1043,cSnow
1044,cSnow
1045,cSnow
1046,cSnow
1047,cSnow
1048,cSnow
1049,cSnow
1050,cSnow
1051,cSnow
1052,cSnow
1053,cSnow
1054,cSnow
1055,cSnow
1056,cSnow
1057,cSnow
1058,cSnow
1059,cSnow
1060,cSnow
1061,cSnow
1062,cSnow
1063,cSnow
1064,cSnow
1065,cSnow
1066,cSnow
1067,cSnow
1068,cSnow
1069,cSnow
1070,cSnow
1071,cSnow
1072,cSnow
1073,cSnow
1074,cSnow
1075,cSnow
1076,cSnow
1077,cSnow
1078,cSnow
1079,cSnow
1080,cSnow
1081,cSnow
1082,cSnow
1083,cSnow
1084,cSnow
1085,cSnow
1086,cSnow
1087,cSnow
1088,cSnow
1089,cSnow
1090,cSnow
1091,cSnow
1092,cSnow
1093,cSnow
1094,cSnow
1095,cSnow
1096,cSnow
1097,cSnow
1098,cSnow
1099,cSnow
1100,cSnow
1101,cSnow
1102,cSnow
1103,cSnow
1104,cSnow
1105,cSnow
1106,cSnow
1107,cSnow
1108,cSnow
1109,cSnow
1110,cSnow
1111,cSnow
1112,cSnow
1113,cSnow
1114,cSnow
1115,cSnow
1116,cSnow
1117,cSnow
1118,cSnow
1119,cSnow
1120,cSnow
1121,cSnow
1122,cSnow
1123,cSnow
1124,cSnow
1125,cSnow
1126,cSnow
1127,cSnow
1128,cSnow
1129,cSnow
1130,cSnow
1131,cSnow
1132,cSnow
1133,cSnow
1134,cSnow
1135,cSnow
1136,cSnow
1137,cSnow
1138,cSnow
1139,cSnow
1140,cSnow
1141,cSnow
1142,cSnow
1143,cSnow
1144,cSnow
1145,cSnow
1146,cSnow
1147,cSnow
1148,cSnow
1149,cSnow
1150,cSnow
1151,cSnow
1152,cSnow
1153,cSnow
1154,cSnow
1155,cSnow
1156,cSnow
1157,cSnow
1158,cSnow
1159,cSnow
1160,cSnow
1161,cSnow
1162,cSnow
1163,cSnow
1164,cSnow
1165,cSnow
1166,cSnow
1167,cSnow
1168,cSnow
1169,cSnow
1170,cSnow
1171,cSnow
1172,cSnow
1173,cSnow
1174,cSnow
1175,cSnow
1176,cSnow
1177,cSnow
1178,cSnow
1179,cSnow
1180,cSnow
1181,cSnow
1182,cSnow
1183,cSnow
1184,cSnow
1185,cSnow
1186,cSnow
1187,cSnow
1188,cSnow
1189,cSnow
1190,cSnow
1191,cSnow
1192,cSnow
1193,cSnow
1194,cSnow
1195,cSnow
1196,cSnow
1197,cSnow
1198,cSnow
1199,cSnow
1200,cSnow
1201,cSnow
1202,cSnow
1203,cSnow
1204,cSnow
1205,cSnow
1206,cSnow
1207,cSnow
1208,cSnow
1209,cSnow
1210,cSnow
1211,cSnow
1212,cSnow
1213,cSnow
1214,cSnow
1215,cSnow
1216,cSnow
1217,cSnow
1218,cSnow
1219,cSnow
1220,cSnow
1221,cSnow
1222,cSnow
1223,cSnow
1224,cSnow
1225,cSnow
1226,cSnow
1227,cSnow
1228,cSnow
1229,cSnow
1230,cSnow
1231,cSnow
1232,cSnow
1233,cSnow
1234,cSnow
1235,cSnow
1236,cSnow
1237,cSnow
1238,cSnow
1239,cSnow
1240,cSnow
1241,cSnow
1242,cSnow
0,dGlaIce
1,dGlaIce
2,dGlaIce
3,dGlaIce
4,dGlaIce
5,dGlaIce
6,dGlaIce
7,dGlaIce
8,dGlaIce
9,dGlaIce
10,dGlaIce
11,dGlaIce
12,dGlaIce
13,dGlaIce
14,dGlaIce
15,dGlaIce
16,dGlaIce
17,dGlaIce
18,dGlaIce
19,dGlaIce
20,dGlaIce
21,dGlaIce
22,dGlaIce
23,dGlaIce
24,dGlaIce
25,dGlaIce
26,dGlaIce
27,dGlaIce
28,dGlaIce
29,dGlaIce
30,dGlaIce
31,dGlaIce
32,dGlaIce
33,dGlaIce
34,dGlaIce
35,dGlaIce
36,dGlaIce
37,dGlaIce
38,dGlaIce
39,dGlaIce
40,dGlaIce
41,dGlaIce
42,dGlaIce
43,dGlaIce
44,dGlaIce
45,dGlaIce
46,dGlaIce
47,dGlaIce
48,dGlaIce
49,dGlaIce
50,dGlaIce
51,dGlaIce
52,dGlaIce
53,dGlaIce
54,dGlaIce
55,dGlaIce
56,dGlaIce
57,dGlaIce
58,dGlaIce
59,dGlaIce
60,dGlaIce
61,dGlaIce
62,dGlaIce
63,dGlaIce
64,dGlaIce
65,dGlaIce
66,dGlaIce
67,dGlaIce
68,dGlaIce
69,dGlaIce
70,dGlaIce
71,dGlaIce
72,dGlaIce
73,dGlaIce
74,dGlaIce
75,dGlaIce
76,dGlaIce
77,dGlaIce
78,dGlaIce
79,dGlaIce
80,dGlaIce
81,dGlaIce
82,dGlaIce
83,dGlaIce
84,dGlaIce
85,dGlaIce
86,dGlaIce
87,dGlaIce
88,dGlaIce
89,dGlaIce
90,dGlaIce
91,dGlaIce
92,dGlaIce
93,dGlaIce
94,dGlaIce
95,dGlaIce
96,dGlaIce
97,dGlaIce
98,dGlaIce
99,dGlaIce
100,dGlaIce
101,dGlaIce
102,dGlaIce
103,dGlaIce
104,dGlaIce
105,dGlaIce
106,dGlaIce
107,dGlaIce
108,dGlaIce
109,dGlaIce
110,dGlaIce
111,dGlaIce
112,dGlaIce
113,dGlaIce
114,dGlaIce
115,dGlaIce
116,dGlaIce
117,dGlaIce
118,dGlaIce
119,dGlaIce
120,dGlaIce
121,dGlaIce
122,dGlaIce
123,dGlaIce
124,dGlaIce
125,dGlaIce
126,dGlaIce
127,dGlaIce
128,dGlaIce
129,dGlaIce
130,dGlaIce
131,dGlaIce
132,dGlaIce
133,dGlaIce
134,dGlaIce
135,dGlaIce
136,dGlaIce
137,dGlaIce
138,dGlaIce
139,dGlaIce
140,dGlaIce
141,dGlaIce
142,dGlaIce
143,dGlaIce
144,dGlaIce
145,dGlaIce
146,dGlaIce
147,dGlaIce
148,dGlaIce
149,dGlaIce
150,dGlaIce
151,dGlaIce
152,dGlaIce
153,dGlaIce
154,dGlaIce
155,dGlaIce
156,dGlaIce
157,dGlaIce
158,dGlaIce
159,dGlaIce
160,dGlaIce
161,dGlaIce
162,dGlaIce
163,dGlaIce
164,dGlaIce
165,dGlaIce
166,dGlaIce
167,dGlaIce
168,dGlaIce
169,dGlaIce
170,dGlaIce
171,dGlaIce
172,dGlaIce
173,dGlaIce
174,dGlaIce
175,dGlaIce
176,dGlaIce
177,dGlaIce
178,dGlaIce
179,dGlaIce
180,dGlaIce
181,dGlaIce
182,dGlaIce
183,dGlaIce
184,dGlaIce
185,dGlaIce
186,dGlaIce
187,dGlaIce
188,dGlaIce
189,dGlaIce
190,dGlaIce
191,dGlaIce
192,dGlaIce
193,dGlaIce
194,dGlaIce
195,dGlaIce
196,dGlaIce
197,dGlaIce
198,dGlaIce
199,dGlaIce
200,dGlaIce
201,dGlaIce
202,dGlaIce
203,dGlaIce
204,dGlaIce
205,dGlaIce
206,dGlaIce
207,dGlaIce
208,dGlaIce
209,dGlaIce
210,dGlaIce
211,dGlaIce
212,dGlaIce
213,dGlaIce
214,dGlaIce
215,dGlaIce
216,dGlaIce
217,dGlaIce
218,dGlaIce
219,dGlaIce
220,dGlaIce
221,dGlaIce
222,dGlaIce
223,dGlaIce
224,dGlaIce
225,dGlaIce
226,dGlaIce
227,dGlaIce
228,dGlaIce
229,dGlaIce
230,dGlaIce
231,dGlaIce
232,dGlaIce
233,dGlaIce
234,dGlaIce
235,dGlaIce
236,dGlaIce
237,dGlaIce
238,dGlaIce
239,dGlaIce
240,dGlaIce
241,dGlaIce
242,dGlaIce
243,dGlaIce
244,dGlaIce
245,dGlaIce
246,dGlaIce
247,dGlaIce
248,dGlaIce
249,dGlaIce
250,dGlaIce
251,dGlaIce
252,dGlaIce
253,dGlaIce
254,dGlaIce
255,dGlaIce
256,dGlaIce
257,dGlaIce
258,dGlaIce
259,dGlaIce
260,dGlaIce
261,dGlaIce
262,dGlaIce
263,dGlaIce
264,dGlaIce
265,dGlaIce
266,dGlaIce
267,dGlaIce
268,dGlaIce
269,dGlaIce
270,dGlaIce
271,dGlaIce
272,dGlaIce
273,dGlaIce
274,dGlaIce
275,dGlaIce
276,dGlaIce
277,dGlaIce
278,dGlaIce
279,dGlaIce
280,dGlaIce
281,dGlaIce
282,dGlaIce
283,dGlaIce
284,dGlaIce
285,dGlaIce
286,dGlaIce
287,dGlaIce
288,dGlaIce
289,dGlaIce
290,dGlaIce
291,dGlaIce
292,dGlaIce
293,dGlaIce
294,dGlaIce
295,dGlaIce
296,dGlaIce
297,dGlaIce
298,dGlaIce
299,dGlaIce
300,dGlaIce
301,dGlaIce
302,dGlaIce
303,dGlaIce
304,dGlaIce
305,dGlaIce
306,dGlaIce
307,dGlaIce
308,dGlaIce
309,dGlaIce
310,dGlaIce
311,dGlaIce
312,dGlaIce
313,dGlaIce
314,dGlaIce
315,dGlaIce
316,dGlaIce
317,dGlaIce
318,dGlaIce
319,dGlaIce
320,dGlaIce
321,dGlaIce
322,dGlaIce
323,dGlaIce
324,dGlaIce
325,dGlaIce
326,dGlaIce
327,dGlaIce
328,dGlaIce
329,dGlaIce
330,dGlaIce
331,dGlaIce
332,dGlaIce
333,dGlaIce
334,dGlaIce
335,dGlaIce
336,dGlaIce
337,dGlaIce
338,dGlaIce
339,dGlaIce
340,dGlaIce
341,dGlaIce
342,dGlaIce
343,dGlaIce
344,dGlaIce
345,dGlaIce
346,dGlaIce
347,dGlaIce
348,dGlaIce
349,dGlaIce
350,dGlaIce
351,dGlaIce
352,dGlaIce
353,dGlaIce
354,dGlaIce
355,dGlaIce
356,dGlaIce
357,dGlaIce
358,dGlaIce
359,dGlaIce
360,dGlaIce
361,dGlaIce
362,dGlaIce
363,dGlaIce
364,dGlaIce
365,dGlaIce
366,dGlaIce
367,dGlaIce
368,dGlaIce
369,dGlaIce
370,dGlaIce
371,dGlaIce
372,dGlaIce
373,dGlaIce
374,dGlaIce
375,dGlaIce
376,dGlaIce
377,dGlaIce
378,dGlaIce
379,dGlaIce
380,dGlaIce
381,dGlaIce
382,dGlaIce
383,dGlaIce
384,dGlaIce
385,dGlaIce
386,dGlaIce
387,dGlaIce
388,dGlaIce
389,dGlaIce
390,dGlaIce
391,dGlaIce
392,dGlaIce
393,dGlaIce
394,dGlaIce
395,dGlaIce
396,dGlaIce
397,dGlaIce
398,dGlaIce
399,dGlaIce
400,dGlaIce
401,dGlaIce
402,dGlaIce
403,dGlaIce
404,dGlaIce
405,dGlaIce
406,dGlaIce
407,dGlaIce
408,dGlaIce
409,dGlaIce
410,dGlaIce
411,dGlaIce
412,dGlaIce
413,dGlaIce
414,dGlaIce
415,dGlaIce
416,dGlaIce
417,dGlaIce
418,dGlaIce
419,dGlaIce
420,dGlaIce
421,dGlaIce
422,dGlaIce
423,dGlaIce
424,dGlaIce
425,dGlaIce
426,dGlaIce
427,dGlaIce
428,dGlaIce
429,dGlaIce
430,dGlaIce
431,dGlaIce
432,dGlaIce
433,dGlaIce
434,dGlaIce
435,dGlaIce
436,dGlaIce
437,dGlaIce
438,dGlaIce
439,dGlaIce
440,dGlaIce
441,dGlaIce
442,dGlaIce
443,dGlaIce
444,dGlaIce
445,dGlaIce
446,dGlaIce
447,dGlaIce
448,dGlaIce
449,dGlaIce
450,dGlaIce
451,dGlaIce
452,dGlaIce
453,dGlaIce
454,dGlaIce
455,dGlaIce
456,dGlaIce
457,dGlaIce
458,dGlaIce
459,dGlaIce
460,dGlaIce
461,dGlaIce
462,dGlaIce
463,dGlaIce
464,dGlaIce
465,dGlaIce
466,dGlaIce
467,dGlaIce
468,dGlaIce
469,dGlaIce
470,dGlaIce
471,dGlaIce
472,dGlaIce
473,dGlaIce
474,dGlaIce
0,firn
1,firn
2,firn
3,firn
4,firn
5,firn
6,firn
7,firn
8,firn
9,firn
10,firn
11,firn
12,firn
13,firn
14,firn
15,firn
16,firn
17,firn
18,firn
19,firn
20,firn
21,firn
22,firn
23,firn
24,firn
25,firn
26,firn
27,firn
28,firn
29,firn
30,firn
31,firn
32,firn
33,firn
34,firn
35,firn
36,firn
37,firn
38,firn
39,firn
40,firn
41,firn
42,firn
43,firn
44,firn
45,firn
46,firn
47,firn
48,firn
49,firn
50,firn
51,firn
52,firn
53,firn
54,firn
55,firn
56,firn
57,firn
58,firn
59,firn
60,firn
61,firn
62,firn
63,firn
64,firn
65,firn
66,firn
67,firn
68,firn
69,firn
70,firn
71,firn
72,firn
73,firn
74,firn
75,firn
76,firn
77,firn
78,firn
79,firn
80,firn
81,firn
82,firn
83,firn
84,firn
85,firn
86,firn
87,firn
88,firn
89,firn
90,firn
91,firn
92,firn
93,firn
94,firn
95,firn
96,firn
97,firn
98,firn
99,firn
100,firn
101,firn
102,firn
103,firn
104,firn
105,firn
106,firn
107,firn
108,firn
109,firn
110,firn
111,firn
112,firn
113,firn
114,firn
115,firn
116,firn
117,firn
118,firn
119,firn
120,firn
121,firn
122,firn
123,firn
124,firn
125,firn
126,firn
127,firn
128,firn
129,firn
130,firn
131,firn
132,firn
133,firn
134,firn
135,firn
136,firn
137,firn
138,firn
139,firn
140,firn
141,firn
142,firn
143,firn
144,firn
145,firn
146,firn
147,firn
148,firn
149,firn
150,firn
151,firn
152,firn
153,firn
154,firn
155,firn
156,firn
157,firn
158,firn
159,firn
160,firn
161,firn
162,firn
163,firn
164,firn
165,firn
166,firn
167,firn
168,firn
169,firn
170,firn
171,firn
172,firn
173,firn
174,firn
175,firn
176,firn
177,firn
178,firn
179,firn
180,firn
181,firn
182,firn
183,firn
184,firn
185,firn
186,firn
187,firn
188,firn
189,firn
190,firn
191,firn
192,firn
193,firn
194,firn
195,firn
196,firn
197,firn
198,firn
199,firn
200,firn
201,firn
202,firn
203,firn
204,firn
205,firn
206,firn
207,firn
208,firn
209,firn
210,firn
211,firn
212,firn
213,firn
214,firn
215,firn
216,firn
217,firn
218,firn
219,firn
220,firn
221,firn
222,firn
223,firn
224,firn
225,firn
226,firn
227,firn
228,firn
229,firn
230,firn
231,firn
232,firn
233,firn
234,firn
235,firn
236,firn
237,firn
238,firn
239,firn
240,firn
241,firn
242,firn
243,firn
244,firn
245,firn
246,firn
247,firn
248,firn
249,firn
250,firn
251,firn
252,firn
253,firn
254,firn
255,firn
256,firn
257,firn
258,firn
259,firn
260,firn
261,firn
262,firn
263,firn
264,firn
265,firn
266,firn
267,firn
268,firn
269,firn
270,firn
271,firn
272,firn
273,firn
274,firn
275,firn
276,firn
277,firn
278,firn
279,firn
280,firn
281,firn
282,firn
283,firn
284,firn
285,firn
286,firn
287,firn
288,firn
289,firn
290,firn
291,firn
292,firn
293,firn
294,firn
295,firn
296,firn
297,firn
298,firn
299,firn
300,firn
301,firn
302,firn
303,firn
304,firn
305,firn
306,firn
307,firn
308,firn
309,firn
310,firn
311,firn
312,firn
313,firn
314,firn
315,firn
316,firn
317,firn
318,firn
319,firn
320,firn
321,firn
322,firn
323,firn
324,firn
325,firn
326,firn
327,firn
328,firn
329,firn
330,firn
331,firn
332,firn
333,firn
334,firn
335,firn
336,firn
337,firn
338,firn
339,firn
340,firn
341,firn
342,firn
343,firn
344,firn
345,firn
346,firn
347,firn
348,firn
349,firn
350,firn
351,firn
352,firn
353,firn
354,firn
355,firn
356,firn
357,firn
358,firn
359,firn
360,firn
361,firn
362,firn
363,firn
364,firn
365,firn
366,firn
367,firn
368,firn
369,firn
370,firn
371,firn
372,firn
373,firn
374,firn
375,firn
376,firn
377,firn
378,firn
379,firn
380,firn
381,firn
382,firn
383,firn
384,firn
385,firn
386,firn
387,firn
388,firn
389,firn
390,firn
391,firn
392,firn
393,firn
394,firn
395,firn
396,firn
397,firn
398,firn
399,firn
400,firn
401,firn
402,firn
403,firn
404,firn
405,firn
406,firn
407,firn
408,firn
409,firn
410,firn
411,firn
412,firn
413,firn
414,firn
415,firn
416,firn
417,firn
418,firn
419,firn
420,firn
421,firn
422,firn
423,firn
424,firn
425,firn
426,firn
427,firn
428,firn
429,firn
430,firn
431,firn
432,firn
433,firn
434,firn
435,firn
436,firn
437,firn
438,firn
439,firn
440,firn
441,firn
442,firn
443,firn
444,firn
445,firn
446,firn
447,firn
448,firn
449,firn
450,firn
451,firn
452,firn
453,firn
454,firn
455,firn
456,firn
457,firn
458,firn
459,firn
460,firn
461,firn
462,firn
463,firn
464,firn
465,firn
466,firn
467,firn
468,firn
469,firn
470,firn
471,firn
472,firn
473,firn
474,firn
475,firn
476,firn
477,firn
478,firn
479,firn
480,firn
481,firn
482,firn
483,firn
484,firn
485,firn
486,firn
487,firn
488,firn
489,firn
490,firn
491,firn
492,firn
493,firn
494,firn
495,firn
496,firn
497,firn
498,firn
499,firn
500,firn
501,firn
502,firn
503,firn
504,firn
505,firn
506,firn
507,firn
508,firn
509,firn
510,firn
511,firn
512,firn
513,firn
514,firn
515,firn
516,firn
517,firn
518,firn
519,firn
520,firn
521,firn
522,firn
523,firn
524,firn
525,firn
526,firn
527,firn
528,firn
529,firn
530,firn
531,firn
532,firn
533,firn
534,firn
535,firn
536,firn
537,firn
538,firn
539,firn
540,firn
541,firn
542,firn
543,firn
544,firn
545,firn
546,firn
547,firn
548,firn
549,firn
550,firn
551,firn
552,firn
553,firn
554,firn
555,firn
556,firn
557,firn
558,firn
559,firn
560,firn
561,firn
562,firn
563,firn
564,firn
565,firn
566,firn
567,firn
568,firn
569,firn
570,firn
571,firn
572,firn
573,firn
574,firn
575,firn
576,firn
577,firn
578,firn
579,firn
580,firn
581,firn
582,firn
583,firn
584,firn
585,firn
586,firn
587,firn
588,firn
589,firn
590,firn
591,firn
592,firn
593,firn
594,firn
595,firn
596,firn
597,firn
598,firn
599,firn
600,firn
601,firn
602,firn
603,firn
604,firn
605,firn
606,firn
607,firn
608,firn
609,firn
610,firn
611,firn
612,firn
613,firn
614,firn
615,firn
616,firn
617,firn
618,firn
619,firn
620,firn
621,firn
622,firn
623,firn
624,firn
625,firn
626,firn
627,firn
628,firn
629,firn
630,firn
631,firn
632,firn
633,firn
634,firn
635,firn
636,firn
637,firn
638,firn
639,firn
640,firn
641,firn
642,firn
643,firn
644,firn
645,firn
646,firn
647,firn
648,firn
649,firn
650,firn
651,firn
652,firn
653,firn
654,firn
655,firn
656,firn
657,firn
658,firn
659,firn
660,firn
661,firn
662,firn
663,firn
664,firn
665,firn
666,firn
667,firn
668,firn
669,firn
670,firn
671,firn
672,firn
673,firn
674,firn
675,firn
676,firn
677,firn
678,firn
679,firn
680,firn
681,firn
682,firn
683,firn
684,firn
685,firn
686,firn
687,firn
688,firn
689,firn
690,firn
691,firn
692,firn
693,firn
694,firn
695,firn
696,firn
697,firn
698,firn
699,firn
700,firn
701,firn
702,firn
703,firn
704,firn
705,firn
706,firn
707,firn
708,firn
709,firn
710,firn
711,firn
712,firn
713,firn
714,firn
715,firn
716,firn
717,firn
718,firn
719,firn
720,firn
721,firn
722,firn
723,firn
724,firn
725,firn
726,firn
727,firn
728,firn
729,firn
730,firn
731,firn
732,firn
733,firn
734,firn
735,firn
736,firn
737,firn
738,firn
739,firn
740,firn
741,firn
742,firn
743,firn
744,firn
745,firn
746,firn
747,firn
748,firn
749,firn
750,firn
751,firn
752,firn
753,firn
754,firn
755,firn
756,firn
757,firn
758,firn
759,firn
760,firn
761,firn
762,firn
763,firn
764,firn
765,firn
766,firn
767,firn
768,firn
769,firn
770,firn
771,firn
772,firn
773,firn
774,firn
775,firn
776,firn
777,firn
778,firn
779,firn
780,firn
781,firn
782,firn
783,firn
784,firn
785,firn
786,firn
787,firn
788,firn
789,firn
790,firn
791,firn
792,firn
793,firn
794,firn
795,firn
796,firn
797,firn
798,firn
799,firn
800,firn
801,firn
802,firn
803,firn
804,firn
805,firn
806,firn
807,firn
808,firn
809,firn
810,firn
811,firn
812,firn
813,firn
814,firn
815,firn
816,firn
817,firn
818,firn
819,firn
820,firn
821,firn
822,firn
823,firn
824,firn
825,firn
826,firn
827,firn
828,firn
829,firn
830,firn
831,firn
832,firn
833,firn
834,firn
835,firn
836,firn
837,firn
838,firn
839,firn
840,firn
841,firn
842,firn
843,firn
844,firn
845,firn
846,firn
847,firn
848,firn
849,firn
850,firn
851,firn
852,firn
853,firn
854,firn
855,firn
856,firn
857,firn
858,firn
859,firn
860,firn
861,firn
862,firn
863,firn
864,firn
865,firn
866,firn
867,firn
868,firn
869,firn
870,firn
871,firn
872,firn
873,firn
874,firn
875,firn
876,firn
877,firn
878,firn
879,firn
880,firn
881,firn
882,firn
883,firn
884,firn
885,firn
886,firn
887,firn
888,firn
889,firn
890,firn
891,firn
892,firn
893,firn
894,firn
895,firn
896,firn
897,firn
898,firn
899,firn
900,firn
901,firn
902,firn
903,firn
904,firn
905,firn
906,firn
907,firn
908,firn
909,firn
910,firn
911,firn
912,firn
913,firn
914,firn
915,firn
916,firn
917,firn
918,firn
919,firn
920,firn
921,firn
922,firn
923,firn
924,firn
925,firn
926,firn
927,firn
928,firn
929,firn
930,firn
931,firn
932,firn
933,firn
934,firn
935,firn
936,firn
937,firn
938,firn
939,firn
940,firn
941,firn
942,firn
943,firn
944,firn
945,firn
946,firn
947,firn
948,firn
949,firn
950,firn
951,firn
952,firn
953,firn
954,firn
955,firn
956,firn
957,firn
958,firn
959,firn
960,firn
961,firn
962,firn
963,firn
964,firn
965,firn
966,firn
967,firn
968,firn
969,firn
970,firn
971,firn
972,firn
973,firn
974,firn
975,firn
976,firn
977,firn
978,firn
979,firn
980,firn
981,firn
982,firn
983,firn
984,firn
985,firn
986,firn
987,firn
988,firn
989,firn
990,firn
991,firn
992,firn
993,firn
994,firn
995,firn
996,firn
997,firn
998,firn
999,firn
1000,firn
1001,firn
1002,firn
1003,firn
1004,firn
1005,firn
1006,firn
1007,firn
1008,firn
1009,firn
1010,firn
1011,firn
1012,firn
1013,firn
1014,firn
1015,firn
1016,firn
1017,firn
1018,firn
1019,firn
1020,firn
1021,firn
1022,firn
1023,firn
1024,firn
1025,firn
1026,firn
1027,firn
1028,firn
1029,firn
1030,firn
1031,firn
1032,firn
1033,firn
1034,firn
1035,firn
1036,firn
1037,firn
1038,firn
1039,firn
1040,firn
1041,firn
1042,firn
1043,firn
1044,firn
1045,firn
1046,firn
1047,firn
1048,firn
1049,firn
1050,firn
1051,firn
1052,firn
1053,firn
1054,firn
1055,firn
1056,firn
1057,firn
1058,firn
1059,firn
1060,firn
1061,firn
1062,firn
1063,firn
1064,firn
1065,firn
1066,firn
1067,firn
1068,firn
1069,firn
1070,firn
1071,firn
1072,firn
1073,firn
1074,firn
1075,firn
1076,firn
1077,firn
1078,firn
1079,firn
1080,firn
1081,firn
1082,firn
1083,firn
1084,firn
1085,firn
1086,firn
1087,firn
1088,firn
1089,firn
1090,firn
1091,firn
1092,firn
1093,firn
1094,firn
1095,firn
1096,firn
1097,firn
1098,firn
1099,firn
1100,firn
1101,firn
1102,firn
1103,firn
1104,firn
1105,firn
1106,firn
1107,firn
1108,firn
1109,firn
1110,firn
1111,firn
1112,firn
1113,firn
1114,firn
1115,firn
1116,firn
1117,firn
1118,firn
1119,firn
1120,firn
1121,firn
1122,firn
1123,firn
1124,firn
1125,firn
1126,firn
1127,firn
1128,firn
1129,firn
1130,firn
1131,firn
1132,firn
0,GlaIce
1,GlaIce
2,GlaIce
3,GlaIce
4,GlaIce
5,GlaIce
6,GlaIce
7,GlaIce
8,GlaIce
9,GlaIce
10,GlaIce
11,GlaIce
12,GlaIce
13,GlaIce
14,GlaIce
15,GlaIce
16,GlaIce
17,GlaIce
18,GlaIce
19,GlaIce
20,GlaIce
21,GlaIce
22,GlaIce
23,GlaIce
24,GlaIce
25,GlaIce
26,GlaIce
27,GlaIce
28,GlaIce
29,GlaIce
30,GlaIce
31,GlaIce
32,GlaIce
33,GlaIce
34,GlaIce
35,GlaIce
36,GlaIce
37,GlaIce
38,GlaIce
39,GlaIce
40,GlaIce
41,GlaIce
42,GlaIce
43,GlaIce
44,GlaIce
45,GlaIce
46,GlaIce
47,GlaIce
48,GlaIce
49,GlaIce
50,GlaIce
51,GlaIce
52,GlaIce
53,GlaIce
54,GlaIce
55,GlaIce
56,GlaIce
57,GlaIce
58,GlaIce
59,GlaIce
60,GlaIce
61,GlaIce
62,GlaIce
63,GlaIce
64,GlaIce
65,GlaIce
66,GlaIce
67,GlaIce
68,GlaIce
69,GlaIce
70,GlaIce
71,GlaIce
72,GlaIce
73,GlaIce
74,GlaIce
75,GlaIce
76,GlaIce
77,GlaIce
78,GlaIce
79,GlaIce
80,GlaIce
81,GlaIce
82,GlaIce
83,GlaIce
84,GlaIce
85,GlaIce
86,GlaIce
87,GlaIce
88,GlaIce
89,GlaIce
90,GlaIce
91,GlaIce
92,GlaIce
93,GlaIce
94,GlaIce
95,GlaIce
96,GlaIce
97,GlaIce
98,GlaIce
99,GlaIce
100,GlaIce
101,GlaIce
102,GlaIce
103,GlaIce
104,GlaIce
105,GlaIce
106,GlaIce
107,GlaIce
108,GlaIce
109,GlaIce
110,GlaIce
111,GlaIce
112,GlaIce
113,GlaIce
114,GlaIce
115,GlaIce
116,GlaIce
117,GlaIce
118,GlaIce
119,GlaIce
120,GlaIce
121,GlaIce
122,GlaIce
123,GlaIce
124,GlaIce
125,GlaIce
126,GlaIce
127,GlaIce
128,GlaIce
129,GlaIce
130,GlaIce
131,GlaIce
132,GlaIce
133,GlaIce
134,GlaIce
135,GlaIce
136,GlaIce
137,GlaIce
138,GlaIce
139,GlaIce
140,GlaIce
141,GlaIce
142,GlaIce
143,GlaIce
144,GlaIce
145,GlaIce
146,GlaIce
147,GlaIce
148,GlaIce
149,GlaIce
150,GlaIce
151,GlaIce
152,GlaIce
153,GlaIce
154,GlaIce
155,GlaIce
156,GlaIce
157,GlaIce
158,GlaIce
159,GlaIce
160,GlaIce
161,GlaIce
162,GlaIce
163,GlaIce
164,GlaIce
165,GlaIce
166,GlaIce
167,GlaIce
168,GlaIce
169,GlaIce
170,GlaIce
171,GlaIce
172,GlaIce
173,GlaIce
174,GlaIce
175,GlaIce
176,GlaIce
177,GlaIce
178,GlaIce
179,GlaIce
180,GlaIce
181,GlaIce
182,GlaIce
183,GlaIce
184,GlaIce
185,GlaIce
186,GlaIce
187,GlaIce
188,GlaIce
189,GlaIce
190,GlaIce
191,GlaIce
192,GlaIce
193,GlaIce
194,GlaIce
195,GlaIce
196,GlaIce
197,GlaIce
198,GlaIce
199,GlaIce
200,GlaIce
201,GlaIce
202,GlaIce
203,GlaIce
204,GlaIce
205,GlaIce
206,GlaIce
207,GlaIce
208,GlaIce
209,GlaIce
210,GlaIce
211,GlaIce
212,GlaIce
213,GlaIce
214,GlaIce
215,GlaIce
216,GlaIce
217,GlaIce
218,GlaIce
219,GlaIce
220,GlaIce
221,GlaIce
222,GlaIce
223,GlaIce
224,GlaIce
225,GlaIce
226,GlaIce
227,GlaIce
228,GlaIce
229,GlaIce
230,GlaIce
231,GlaIce
232,GlaIce
233,GlaIce
234,GlaIce
235,GlaIce
236,GlaIce
237,GlaIce
238,GlaIce
239,GlaIce
240,GlaIce
241,GlaIce
242,GlaIce
243,GlaIce
244,GlaIce
245,GlaIce
246,GlaIce
247,GlaIce
248,GlaIce
249,GlaIce
250,GlaIce
251,GlaIce
252,GlaIce
253,GlaIce
254,GlaIce
255,GlaIce
256,GlaIce
257,GlaIce
258,GlaIce
259,GlaIce
260,GlaIce
261,GlaIce
262,GlaIce
263,GlaIce
264,GlaIce
265,GlaIce
266,GlaIce
267,GlaIce
268,GlaIce
269,GlaIce
270,GlaIce
271,GlaIce
272,GlaIce
273,GlaIce
274,GlaIce
275,GlaIce
276,GlaIce
277,GlaIce
278,GlaIce
279,GlaIce
280,GlaIce
281,GlaIce
282,GlaIce
283,GlaIce
284,GlaIce
285,GlaIce
286,GlaIce
287,GlaIce
288,GlaIce
289,GlaIce
290,GlaIce
291,GlaIce
292,GlaIce
293,GlaIce
294,GlaIce
295,GlaIce
296,GlaIce
297,GlaIce
298,GlaIce
299,GlaIce
300,GlaIce
301,GlaIce
302,GlaIce
303,GlaIce
304,GlaIce
305,GlaIce
306,GlaIce
307,GlaIce
308,GlaIce
309,GlaIce
310,GlaIce
311,GlaIce
312,GlaIce
313,GlaIce
314,GlaIce
315,GlaIce
316,GlaIce
317,GlaIce
318,GlaIce
319,GlaIce
320,GlaIce
321,GlaIce
322,GlaIce
323,GlaIce
324,GlaIce
325,GlaIce
326,GlaIce
327,GlaIce
328,GlaIce
329,GlaIce
330,GlaIce
331,GlaIce
332,GlaIce
333,GlaIce
334,GlaIce
335,GlaIce
336,GlaIce
337,GlaIce
338,GlaIce
339,GlaIce
340,GlaIce
341,GlaIce
342,GlaIce
343,GlaIce
344,GlaIce
345,GlaIce
346,GlaIce
347,GlaIce
348,GlaIce
349,GlaIce
350,GlaIce
351,GlaIce
352,GlaIce
353,GlaIce
354,GlaIce
355,GlaIce
356,GlaIce
357,GlaIce
358,GlaIce
359,GlaIce
360,GlaIce
361,GlaIce
362,GlaIce
363,GlaIce
364,GlaIce
365,GlaIce
366,GlaIce
367,GlaIce
368,GlaIce
369,GlaIce
370,GlaIce
371,GlaIce
372,GlaIce
373,GlaIce
374,GlaIce
375,GlaIce
376,GlaIce
377,GlaIce
378,GlaIce
379,GlaIce
380,GlaIce
381,GlaIce
382,GlaIce
383,GlaIce
384,GlaIce
385,GlaIce
386,GlaIce
387,GlaIce
388,GlaIce
389,GlaIce
390,GlaIce
391,GlaIce
392,GlaIce
393,GlaIce
394,GlaIce
395,GlaIce
396,GlaIce
397,GlaIce
398,GlaIce
399,GlaIce
400,GlaIce
401,GlaIce
402,GlaIce
403,GlaIce
404,GlaIce
405,GlaIce
406,GlaIce
407,GlaIce
408,GlaIce
409,GlaIce
410,GlaIce
411,GlaIce
412,GlaIce
413,GlaIce
414,GlaIce
415,GlaIce
416,GlaIce
417,GlaIce
418,GlaIce
419,GlaIce
420,GlaIce
421,GlaIce
422,GlaIce
423,GlaIce
424,GlaIce
425,GlaIce
426,GlaIce
427,GlaIce
428,GlaIce
429,GlaIce
430,GlaIce
431,GlaIce
432,GlaIce
433,GlaIce
434,GlaIce
435,GlaIce
436,GlaIce
437,GlaIce
438,GlaIce
439,GlaIce
440,GlaIce
441,GlaIce
442,GlaIce
443,GlaIce
444,GlaIce
445,GlaIce
446,GlaIce
447,GlaIce
448,GlaIce
449,GlaIce
450,GlaIce
451,GlaIce
452,GlaIce
453,GlaIce
454,GlaIce
455,GlaIce
456,GlaIce
457,GlaIce
458,GlaIce
459,GlaIce
460,GlaIce
461,GlaIce
462,GlaIce
463,GlaIce
464,GlaIce
465,GlaIce
466,GlaIce
467,GlaIce
468,GlaIce
469,GlaIce
470,GlaIce
471,GlaIce
472,GlaIce
473,GlaIce
474,GlaIce
475,GlaIce
476,GlaIce
477,GlaIce
478,GlaIce
479,GlaIce
480,GlaIce
481,GlaIce
482,GlaIce
483,GlaIce
484,GlaIce
485,GlaIce
486,GlaIce
487,GlaIce
488,GlaIce
489,GlaIce
490,GlaIce
491,GlaIce
492,GlaIce
493,GlaIce
494,GlaIce
495,GlaIce
496,GlaIce
497,GlaIce
498,GlaIce
499,GlaIce
500,GlaIce
501,GlaIce
502,GlaIce
503,GlaIce
504,GlaIce
505,GlaIce
506,GlaIce
507,GlaIce
508,GlaIce
509,GlaIce
510,GlaIce
511,GlaIce
512,GlaIce
513,GlaIce
514,GlaIce
515,GlaIce
516,GlaIce
517,GlaIce
518,GlaIce
519,GlaIce
520,GlaIce
521,GlaIce
522,GlaIce
523,GlaIce
524,GlaIce
525,GlaIce
526,GlaIce
527,GlaIce
528,GlaIce
529,GlaIce
530,GlaIce
531,GlaIce
532,GlaIce
533,GlaIce
534,GlaIce
535,GlaIce
536,GlaIce
537,GlaIce
538,GlaIce
539,GlaIce
540,GlaIce
541,GlaIce
542,GlaIce
543,GlaIce
544,GlaIce
545,GlaIce
546,GlaIce
547,GlaIce
548,GlaIce
549,GlaIce
550,GlaIce
551,GlaIce
552,GlaIce
553,GlaIce
554,GlaIce
555,GlaIce
556,GlaIce
557,GlaIce
558,GlaIce
559,GlaIce
560,GlaIce
561,GlaIce
562,GlaIce
563,GlaIce
564,GlaIce
565,GlaIce
566,GlaIce
567,GlaIce
568,GlaIce
569,GlaIce
570,GlaIce
571,GlaIce
572,GlaIce
573,GlaIce
574,GlaIce
575,GlaIce
576,GlaIce
577,GlaIce
578,GlaIce
579,GlaIce
580,GlaIce
581,GlaIce
582,GlaIce
583,GlaIce
584,GlaIce
585,GlaIce
586,GlaIce
587,GlaIce
588,GlaIce
589,GlaIce
590,GlaIce
591,GlaIce
592,GlaIce
593,GlaIce
594,GlaIce
595,GlaIce
596,GlaIce
597,GlaIce
598,GlaIce
599,GlaIce
600,GlaIce
601,GlaIce
602,GlaIce
603,GlaIce
604,GlaIce
605,GlaIce
606,GlaIce
607,GlaIce
608,GlaIce
609,GlaIce
610,GlaIce
611,GlaIce
612,GlaIce
613,GlaIce
614,GlaIce
615,GlaIce
616,GlaIce
617,GlaIce
618,GlaIce
619,GlaIce
620,GlaIce
621,GlaIce
622,GlaIce
623,GlaIce
624,GlaIce
625,GlaIce
626,GlaIce
627,GlaIce
628,GlaIce
629,GlaIce
630,GlaIce
631,GlaIce
632,GlaIce
633,GlaIce
634,GlaIce
635,GlaIce
636,GlaIce
637,GlaIce
638,GlaIce
639,GlaIce
640,GlaIce
641,GlaIce
642,GlaIce
643,GlaIce
644,GlaIce
645,GlaIce
646,GlaIce
647,GlaIce
648,GlaIce
649,GlaIce
650,GlaIce
651,GlaIce
652,GlaIce
653,GlaIce
654,GlaIce
655,GlaIce
656,GlaIce
657,GlaIce
658,GlaIce
659,GlaIce
660,GlaIce
661,GlaIce
662,GlaIce
663,GlaIce
664,GlaIce
665,GlaIce
666,GlaIce
667,GlaIce
668,GlaIce
669,GlaIce
670,GlaIce
671,GlaIce
672,GlaIce
673,GlaIce
674,GlaIce
675,GlaIce
676,GlaIce
677,GlaIce
678,GlaIce
679,GlaIce
680,GlaIce
681,GlaIce
682,GlaIce
683,GlaIce
684,GlaIce
685,GlaIce
686,GlaIce
687,GlaIce
688,GlaIce
689,GlaIce
690,GlaIce
691,GlaIce
692,GlaIce
693,GlaIce
694,GlaIce
695,GlaIce
696,GlaIce
697,GlaIce
698,GlaIce
699,GlaIce
700,GlaIce
701,GlaIce
702,GlaIce
703,GlaIce
704,GlaIce
705,GlaIce
706,GlaIce
707,GlaIce
708,GlaIce
709,GlaIce
710,GlaIce
711,GlaIce
712,GlaIce
713,GlaIce
714,GlaIce
715,GlaIce
716,GlaIce
717,GlaIce
718,GlaIce
719,GlaIce
720,GlaIce
721,GlaIce
722,GlaIce
723,GlaIce
724,GlaIce
725,GlaIce
726,GlaIce
727,GlaIce
728,GlaIce
729,GlaIce
730,GlaIce
731,GlaIce
732,GlaIce
733,GlaIce
734,GlaIce
735,GlaIce
736,GlaIce
737,GlaIce
738,GlaIce
739,GlaIce
740,GlaIce
741,GlaIce
742,GlaIce
743,GlaIce
744,GlaIce
745,GlaIce
746,GlaIce
747,GlaIce
748,GlaIce
749,GlaIce
750,GlaIce
751,GlaIce
752,GlaIce
753,GlaIce
754,GlaIce
755,GlaIce
756,GlaIce
757,GlaIce
758,GlaIce
759,GlaIce
760,GlaIce
761,GlaIce
762,GlaIce
763,GlaIce
764,GlaIce
765,GlaIce
766,GlaIce
767,GlaIce
768,GlaIce
769,GlaIce
770,GlaIce
771,GlaIce
772,GlaIce
773,GlaIce
774,GlaIce
775,GlaIce
776,GlaIce
777,GlaIce
778,GlaIce
779,GlaIce
780,GlaIce
781,GlaIce
782,GlaIce
783,GlaIce
784,GlaIce
785,GlaIce
786,GlaIce
787,GlaIce
788,GlaIce
789,GlaIce
790,GlaIce
791,GlaIce
792,GlaIce
793,GlaIce
794,GlaIce
795,GlaIce
796,GlaIce
797,GlaIce
798,GlaIce
799,GlaIce
800,GlaIce
801,GlaIce
802,GlaIce
803,GlaIce
804,GlaIce
805,GlaIce
806,GlaIce
807,GlaIce
808,GlaIce
809,GlaIce
810,GlaIce
811,GlaIce
812,GlaIce
813,GlaIce
814,GlaIce
815,GlaIce
816,GlaIce
817,GlaIce
818,GlaIce
819,GlaIce
820,GlaIce
821,GlaIce
822,GlaIce
823,GlaIce
824,GlaIce
825,GlaIce
826,GlaIce
827,GlaIce
828,GlaIce
829,GlaIce
830,GlaIce
831,GlaIce
832,GlaIce
833,GlaIce
834,GlaIce
835,GlaIce
836,GlaIce
837,GlaIce
838,GlaIce
839,GlaIce
840,GlaIce
841,GlaIce
842,GlaIce
843,GlaIce
844,GlaIce
845,GlaIce
846,GlaIce
847,GlaIce
848,GlaIce
849,GlaIce
850,GlaIce
851,GlaIce
852,GlaIce
853,GlaIce
854,GlaIce
855,GlaIce
856,GlaIce
857,GlaIce
858,GlaIce
859,GlaIce
860,GlaIce
861,GlaIce
862,GlaIce
863,GlaIce
864,GlaIce
865,GlaIce
866,GlaIce
867,GlaIce
868,GlaIce
869,GlaIce
870,GlaIce
871,GlaIce
872,GlaIce
873,GlaIce
874,GlaIce
875,GlaIce
876,GlaIce
877,GlaIce
878,GlaIce
879,GlaIce
880,GlaIce
881,GlaIce
882,GlaIce
883,GlaIce
884,GlaIce
885,GlaIce
886,GlaIce
887,GlaIce
888,GlaIce
889,GlaIce
890,GlaIce
891,GlaIce
892,GlaIce
893,GlaIce
894,GlaIce
895,GlaIce
896,GlaIce
897,GlaIce
898,GlaIce
899,GlaIce
900,GlaIce
901,GlaIce
902,GlaIce
903,GlaIce
904,GlaIce
905,GlaIce
906,GlaIce
907,GlaIce
908,GlaIce
909,GlaIce
910,GlaIce
911,GlaIce
912,GlaIce
913,GlaIce
914,GlaIce
915,GlaIce
916,GlaIce
917,GlaIce
918,GlaIce
919,GlaIce
920,GlaIce
921,GlaIce
922,GlaIce
923,GlaIce
924,GlaIce
925,GlaIce
926,GlaIce
927,GlaIce
928,GlaIce
929,GlaIce
930,GlaIce
931,GlaIce
932,GlaIce
933,GlaIce
934,GlaIce
935,GlaIce
936,GlaIce
937,GlaIce
938,GlaIce
939,GlaIce
940,GlaIce
941,GlaIce
942,GlaIce
943,GlaIce
944,GlaIce
945,GlaIce
946,GlaIce
947,GlaIce
948,GlaIce
949,GlaIce
950,GlaIce
951,GlaIce
952,GlaIce
953,GlaIce
954,GlaIce
955,GlaIce
956,GlaIce
957,GlaIce
958,GlaIce
959,GlaIce
960,GlaIce
961,GlaIce
962,GlaIce
963,GlaIce
964,GlaIce
965,GlaIce
966,GlaIce
967,GlaIce
968,GlaIce
969,GlaIce
970,GlaIce
971,GlaIce
972,GlaIce
973,GlaIce
974,GlaIce
975,GlaIce
976,GlaIce
977,GlaIce
978,GlaIce
979,GlaIce
980,GlaIce
981,GlaIce
982,GlaIce
983,GlaIce
984,GlaIce
985,GlaIce
986,GlaIce
987,GlaIce
988,GlaIce
989,GlaIce
990,GlaIce
991,GlaIce
992,GlaIce
993,GlaIce
994,GlaIce
995,GlaIce
996,GlaIce
997,GlaIce
998,GlaIce
999,GlaIce
1000,GlaIce
1001,GlaIce
1002,GlaIce
1003,GlaIce
1004,GlaIce
1005,GlaIce
1006,GlaIce
1007,GlaIce
1008,GlaIce
1009,GlaIce
1010,GlaIce
1011,GlaIce
1012,GlaIce
1013,GlaIce
1014,GlaIce
1015,GlaIce
1016,GlaIce
1017,GlaIce
1018,GlaIce
1019,GlaIce
1020,GlaIce
1021,GlaIce
1022,GlaIce
1023,GlaIce
1024,GlaIce
1025,GlaIce
1026,GlaIce
1027,GlaIce
1028,GlaIce
1029,GlaIce
1030,GlaIce
1031,GlaIce
1032,GlaIce
1033,GlaIce
1034,GlaIce
1035,GlaIce
1036,GlaIce
1037,GlaIce
1038,GlaIce
1039,GlaIce
1040,GlaIce
1041,GlaIce
1042,GlaIce
1043,GlaIce
1044,GlaIce
1045,GlaIce
1046,GlaIce
1047,GlaIce
1048,GlaIce
1049,GlaIce
1050,GlaIce
1051,GlaIce
1052,GlaIce
1053,GlaIce
1054,GlaIce
1055,GlaIce
1056,GlaIce
1057,GlaIce
1058,GlaIce
1059,GlaIce
1060,GlaIce
1061,GlaIce
1062,GlaIce
1063,GlaIce
1064,GlaIce
1065,GlaIce
1066,GlaIce
1067,GlaIce
1068,GlaIce
1069,GlaIce
1070,GlaIce
1071,GlaIce
1072,GlaIce
1073,GlaIce
1074,GlaIce
1075,GlaIce
1076,GlaIce
1077,GlaIce
1078,GlaIce
1079,GlaIce
1080,GlaIce
1081,GlaIce
1082,GlaIce
1083,GlaIce
1084,GlaIce
1085,GlaIce
1086,GlaIce
1087,GlaIce
1088,GlaIce
1089,GlaIce
1090,GlaIce
1091,GlaIce
1092,GlaIce
1093,GlaIce
1094,GlaIce
1095,GlaIce
1096,GlaIce
1097,GlaIce
1098,GlaIce
1099,GlaIce
1100,GlaIce
1101,GlaIce
1102,GlaIce
1103,GlaIce
1104,GlaIce
1105,GlaIce
1106,GlaIce
1107,GlaIce
1108,GlaIce
1109,GlaIce
1110,GlaIce
1111,GlaIce
1112,GlaIce
1113,GlaIce
1114,GlaIce
1115,GlaIce
1116,GlaIce
1117,GlaIce
1118,GlaIce
1119,GlaIce
1120,GlaIce
1121,GlaIce
1122,GlaIce
1123,GlaIce
1124,GlaIce
1125,GlaIce
1126,GlaIce
1127,GlaIce
1128,GlaIce
1129,GlaIce
1130,GlaIce
1131,GlaIce
1132,GlaIce
1133,GlaIce
1134,GlaIce
1135,GlaIce
1136,GlaIce
1137,GlaIce
1138,GlaIce
1139,GlaIce
1140,GlaIce
1141,GlaIce
1142,GlaIce
1143,GlaIce
1144,GlaIce
1145,GlaIce
1146,GlaIce
1147,GlaIce
1148,GlaIce
1149,GlaIce
1150,GlaIce
1151,GlaIce
1152,GlaIce
1153,GlaIce
1154,GlaIce
1155,GlaIce
1156,GlaIce
1157,GlaIce
1158,GlaIce
1159,GlaIce
1160,GlaIce
1161,GlaIce
1162,GlaIce
1163,GlaIce
1164,GlaIce
1165,GlaIce
1166,GlaIce
1167,GlaIce
1168,GlaIce
1169,GlaIce
1170,GlaIce
1171,GlaIce
1172,GlaIce
1173,GlaIce
1174,GlaIce
1175,GlaIce
1176,GlaIce
1177,GlaIce
1178,GlaIce
1179,GlaIce
1180,GlaIce
1181,GlaIce
1182,GlaIce
1183,GlaIce
1184,GlaIce
1185,GlaIce
1186,GlaIce
1187,GlaIce
1188,GlaIce
1189,GlaIce
1190,GlaIce
1191,GlaIce
1192,GlaIce
1193,GlaIce
1194,GlaIce
1195,GlaIce
1196,GlaIce
1197,GlaIce
1198,GlaIce
1199,GlaIce
1200,GlaIce
1201,GlaIce
1202,GlaIce
1203,GlaIce
1204,GlaIce
1205,GlaIce
1206,GlaIce
1207,GlaIce
1208,GlaIce
1209,GlaIce
1210,GlaIce
1211,GlaIce
1212,GlaIce
1213,GlaIce
1214,GlaIce
1215,GlaIce
1216,GlaIce
1217,GlaIce
1218,GlaIce
1219,GlaIce
1220,GlaIce
1221,GlaIce
1222,GlaIce
1223,GlaIce
1224,GlaIce
1225,GlaIce
1226,GlaIce
1227,GlaIce
1228,GlaIce
1229,GlaIce
1230,GlaIce
1231,GlaIce
1232,GlaIce
1233,GlaIce
1234,GlaIce
1235,GlaIce
1236,GlaIce
1237,GlaIce
1238,GlaIce
1239,GlaIce
1240,GlaIce
1241,GlaIce
1242,GlaIce
1243,GlaIce
1244,GlaIce
1245,GlaIce
1246,GlaIce
1247,GlaIce
1248,GlaIce
1249,GlaIce
1250,GlaIce
1251,GlaIce
1252,GlaIce
1253,GlaIce
1254,GlaIce
1255,GlaIce
1256,GlaIce
1257,GlaIce
1258,GlaIce
1259,GlaIce
1260,GlaIce
1261,GlaIce
1262,GlaIce
1263,GlaIce
1264,GlaIce
1265,GlaIce
1266,GlaIce
1267,GlaIce
1268,GlaIce
1269,GlaIce
1270,GlaIce
1271,GlaIce
1272,GlaIce
1273,GlaIce
1274,GlaIce
1275,GlaIce
1276,GlaIce
1277,GlaIce
1278,GlaIce
1279,GlaIce
1280,GlaIce
1281,GlaIce
1282,GlaIce
1283,GlaIce
1284,GlaIce
1285,GlaIce
1286,GlaIce
1287,GlaIce
1288,GlaIce
1289,GlaIce
1290,GlaIce
1291,GlaIce
1292,GlaIce
1293,GlaIce
1294,GlaIce
1295,GlaIce
1296,GlaIce
1297,GlaIce
1298,GlaIce
1299,GlaIce
1300,GlaIce
1301,GlaIce
1302,GlaIce
1303,GlaIce
1304,GlaIce
1305,GlaIce
1306,GlaIce
1307,GlaIce
1308,GlaIce
1309,GlaIce
1310,GlaIce
1311,GlaIce
1312,GlaIce
1313,GlaIce
1314,GlaIce
1315,GlaIce
1316,GlaIce
1317,GlaIce
1318,GlaIce
1319,GlaIce
1320,GlaIce
1321,GlaIce
1322,GlaIce
1323,GlaIce
1324,GlaIce
1325,GlaIce
1326,GlaIce
1327,GlaIce
1328,GlaIce
1329,GlaIce
1330,GlaIce
1331,GlaIce
1332,GlaIce
1333,GlaIce
1334,GlaIce
1335,GlaIce
1336,GlaIce
1337,GlaIce
1338,GlaIce
1339,GlaIce
1340,GlaIce
1341,GlaIce
1342,GlaIce
1343,GlaIce
1344,GlaIce
1345,GlaIce
1346,GlaIce
1347,GlaIce
1348,GlaIce
1349,GlaIce
1350,GlaIce
1351,GlaIce
1352,GlaIce
1353,GlaIce
1354,GlaIce
1355,GlaIce
1356,GlaIce
1357,GlaIce
1358,GlaIce
1359,GlaIce
1360,GlaIce
1361,GlaIce
1362,GlaIce
1363,GlaIce
1364,GlaIce
1365,GlaIce
1366,GlaIce
1367,GlaIce
1368,GlaIce
1369,GlaIce
1370,GlaIce
1371,GlaIce
1372,GlaIce
1373,GlaIce
1374,GlaIce
1375,GlaIce
1376,GlaIce
1377,GlaIce
1378,GlaIce
1379,GlaIce
1380,GlaIce
1381,GlaIce
1382,GlaIce
1383,GlaIce
1384,GlaIce
1385,GlaIce
1386,GlaIce
1387,GlaIce
1388,GlaIce
1389,GlaIce
1390,GlaIce
1391,GlaIce
1392,GlaIce
1393,GlaIce
1394,GlaIce
1395,GlaIce
1396,GlaIce
1397,GlaIce
1398,GlaIce
1399,GlaIce
1400,GlaIce
1401,GlaIce
1402,GlaIce
1403,GlaIce
1404,GlaIce
1405,GlaIce
1406,GlaIce
1407,GlaIce
1408,GlaIce
1409,GlaIce
1410,GlaIce
1411,GlaIce
1412,GlaIce
1413,GlaIce
1414,GlaIce
1415,GlaIce
1416,GlaIce
1417,GlaIce
1418,GlaIce
1419,GlaIce
1420,GlaIce
1421,GlaIce
1422,GlaIce
1423,GlaIce
1424,GlaIce
1425,GlaIce
1426,GlaIce
1427,GlaIce
1428,GlaIce
1429,GlaIce
1430,GlaIce
1431,GlaIce
1432,GlaIce
1433,GlaIce
1434,GlaIce
1435,GlaIce
0,ImDebris
1,ImDebris
2,ImDebris
3,ImDebris
4,ImDebris
5,ImDebris
6,ImDebris
7,ImDebris
8,ImDebris
9,ImDebris
10,ImDebris
11,ImDebris
12,ImDebris
13,ImDebris
14,ImDebris
15,ImDebris
16,ImDebris
17,ImDebris
18,ImDebris
19,ImDebris
20,ImDebris
21,ImDebris
22,ImDebris
23,ImDebris
24,ImDebris
25,ImDebris
26,ImDebris
27,ImDebris
28,ImDebris
29,ImDebris
30,ImDebris
31,ImDebris
32,ImDebris
33,ImDebris
34,ImDebris
35,ImDebris
36,ImDebris
37,ImDebris
38,ImDebris
39,ImDebris
40,ImDebris
41,ImDebris
42,ImDebris
43,ImDebris
44,ImDebris
45,ImDebris
46,ImDebris
47,ImDebris
48,ImDebris
49,ImDebris
50,ImDebris
51,ImDebris
52,ImDebris
53,ImDebris
54,ImDebris
55,ImDebris
56,ImDebris
57,ImDebris
58,ImDebris
59,ImDebris
60,ImDebris
61,ImDebris
62,ImDebris
63,ImDebris
64,ImDebris
65,ImDebris
66,ImDebris
67,ImDebris
68,ImDebris
69,ImDebris
70,ImDebris
71,ImDebris
72,ImDebris
73,ImDebris
74,ImDebris
75,ImDebris
76,ImDebris
77,ImDebris
78,ImDebris
79,ImDebris
80,ImDebris
81,ImDebris
82,ImDebris
83,ImDebris
84,ImDebris
85,ImDebris
86,ImDebris
87,ImDebris
88,ImDebris
89,ImDebris
90,ImDebris
91,ImDebris
92,ImDebris
93,ImDebris
94,ImDebris
95,ImDebris
96,ImDebris
97,ImDebris
98,ImDebris
99,ImDebris
100,ImDebris
101,ImDebris
102,ImDebris
103,ImDebris
104,ImDebris
105,ImDebris
106,ImDebris
107,ImDebris
108,ImDebris
109,ImDebris
110,ImDebris
111,ImDebris
112,ImDebris
113,ImDebris
114,ImDebris
115,ImDebris
116,ImDebris
117,ImDebris
118,ImDebris
119,ImDebris
120,ImDebris
121,ImDebris
122,ImDebris
123,ImDebris
124,ImDebris
125,ImDebris
126,ImDebris
127,ImDebris
128,ImDebris
129,ImDebris
130,ImDebris
131,ImDebris
132,ImDebris
133,ImDebris
134,ImDebris
135,ImDebris
136,ImDebris
137,ImDebris
138,ImDebris
139,ImDebris
140,ImDebris
141,ImDebris
142,ImDebris
143,ImDebris
144,ImDebris
145,ImDebris
146,ImDebris
147,ImDebris
148,ImDebris
149,ImDebris
150,ImDebris
151,ImDebris
152,ImDebris
153,ImDebris
154,ImDebris
155,ImDebris
156,ImDebris
157,ImDebris
158,ImDebris
159,ImDebris
160,ImDebris
161,ImDebris
162,ImDebris
163,ImDebris
164,ImDebris
165,ImDebris
166,ImDebris
167,ImDebris
168,ImDebris
169,ImDebris
170,ImDebris
171,ImDebris
172,ImDebris
173,ImDebris
174,ImDebris
175,ImDebris
176,ImDebris
177,ImDebris
178,ImDebris
179,ImDebris
180,ImDebris
181,ImDebris
182,ImDebris
183,ImDebris
184,ImDebris
185,ImDebris
186,ImDebris
187,ImDebris
188,ImDebris
189,ImDebris
190,ImDebris
191,ImDebris
192,ImDebris
193,ImDebris
194,ImDebris
195,ImDebris
196,ImDebris
197,ImDebris
198,ImDebris
199,ImDebris
200,ImDebris
201,ImDebris
202,ImDebris
203,ImDebris
204,ImDebris
205,ImDebris
206,ImDebris
207,ImDebris
208,ImDebris
209,ImDebris
210,ImDebris
211,ImDebris
212,ImDebris
213,ImDebris
214,ImDebris
215,ImDebris
216,ImDebris
217,ImDebris
218,ImDebris
219,ImDebris
220,ImDebris
221,ImDebris
222,ImDebris
223,ImDebris
224,ImDebris
225,ImDebris
226,ImDebris
227,ImDebris
228,ImDebris
229,ImDebris
230,ImDebris
231,ImDebris
232,ImDebris
233,ImDebris
234,ImDebris
235,ImDebris
236,ImDebris
237,ImDebris
238,ImDebris
239,ImDebris
240,ImDebris
241,ImDebris
242,ImDebris
243,ImDebris
244,ImDebris
245,ImDebris
246,ImDebris
247,ImDebris
248,ImDebris
249,ImDebris
250,ImDebris
251,ImDebris
252,ImDebris
253,ImDebris
254,ImDebris
255,ImDebris
256,ImDebris
257,ImDebris
258,ImDebris
259,ImDebris
260,ImDebris
261,ImDebris
262,ImDebris
263,ImDebris
264,ImDebris
265,ImDebris
266,ImDebris
267,ImDebris
268,ImDebris
269,ImDebris
270,ImDebris
271,ImDebris
272,ImDebris
273,ImDebris
274,ImDebris
275,ImDebris
276,ImDebris
277,ImDebris
278,ImDebris
279,ImDebris
280,ImDebris
281,ImDebris
282,ImDebris
283,ImDebris
284,ImDebris
285,ImDebris
286,ImDebris
287,ImDebris
288,ImDebris
289,ImDebris
290,ImDebris
291,ImDebris
292,ImDebris
293,ImDebris
294,ImDebris
295,ImDebris
296,ImDebris
297,ImDebris
298,ImDebris
299,ImDebris
300,ImDebris
301,ImDebris
302,ImDebris
303,ImDebris
304,ImDebris
305,ImDebris
306,ImDebris
307,ImDebris
308,ImDebris
309,ImDebris
310,ImDebris
311,ImDebris
312,ImDebris
313,ImDebris
314,ImDebris
315,ImDebris
316,ImDebris
317,ImDebris
318,ImDebris
319,ImDebris
320,ImDebris
321,ImDebris
322,ImDebris
323,ImDebris
324,ImDebris
325,ImDebris
326,ImDebris
327,ImDebris
328,ImDebris
329,ImDebris
330,ImDebris
331,ImDebris
332,ImDebris
333,ImDebris
334,ImDebris
335,ImDebris
336,ImDebris
337,ImDebris
338,ImDebris
339,ImDebris
340,ImDebris
341,ImDebris
342,ImDebris
343,ImDebris
344,ImDebris
345,ImDebris
346,ImDebris
347,ImDebris
348,ImDebris
349,ImDebris
350,ImDebris
351,ImDebris
352,ImDebris
353,ImDebris
354,ImDebris
355,ImDebris
356,ImDebris
357,ImDebris
358,ImDebris
359,ImDebris
360,ImDebris
361,ImDebris
362,ImDebris
363,ImDebris
364,ImDebris
365,ImDebris
366,ImDebris
367,ImDebris
368,ImDebris
369,ImDebris
370,ImDebris
371,ImDebris
372,ImDebris
373,ImDebris
374,ImDebris
375,ImDebris
376,ImDebris
377,ImDebris
378,ImDebris
379,ImDebris
380,ImDebris
381,ImDebris
382,ImDebris
383,ImDebris
384,ImDebris
385,ImDebris
386,ImDebris
387,ImDebris
388,ImDebris
389,ImDebris
390,ImDebris
391,ImDebris
392,ImDebris
393,ImDebris
394,ImDebris
395,ImDebris
396,ImDebris
397,ImDebris
398,ImDebris
399,ImDebris
400,ImDebris
401,ImDebris
402,ImDebris
403,ImDebris
404,ImDebris
405,ImDebris
406,ImDebris
407,ImDebris
408,ImDebris
409,ImDebris
410,ImDebris
411,ImDebris
412,ImDebris
413,ImDebris
414,ImDebris
415,ImDebris
416,ImDebris
417,ImDebris
418,ImDebris
419,ImDebris
420,ImDebris
421,ImDebris
422,ImDebris
423,ImDebris
424,ImDebris
425,ImDebris
426,ImDebris
427,ImDebris
428,ImDebris
429,ImDebris
430,ImDebris
431,ImDebris
432,ImDebris
433,ImDebris
434,ImDebris
435,ImDebris
436,ImDebris
437,ImDebris
438,ImDebris
439,ImDebris
440,ImDebris
441,ImDebris
442,ImDebris
443,ImDebris
444,ImDebris
445,ImDebris
446,ImDebris
447,ImDebris
448,ImDebris
449,ImDebris
450,ImDebris
451,ImDebris
452,ImDebris
453,ImDebris
454,ImDebris
455,ImDebris
456,ImDebris
457,ImDebris
458,ImDebris
459,ImDebris
460,ImDebris
461,ImDebris
462,ImDebris
463,ImDebris
464,ImDebris
465,ImDebris
466,ImDebris
467,ImDebris
468,ImDebris
469,ImDebris
470,ImDebris
471,ImDebris
472,ImDebris
473,ImDebris
474,ImDebris
475,ImDebris
476,ImDebris
477,ImDebris
478,ImDebris
479,ImDebris
480,ImDebris
481,ImDebris
482,ImDebris
483,ImDebris
484,ImDebris
485,ImDebris
486,ImDebris
487,ImDebris
488,ImDebris
489,ImDebris
490,ImDebris
491,ImDebris
492,ImDebris
493,ImDebris
494,ImDebris
495,ImDebris
496,ImDebris
497,ImDebris
498,ImDebris
499,ImDebris
500,ImDebris
501,ImDebris
502,ImDebris
503,ImDebris
504,ImDebris
505,ImDebris
506,ImDebris
507,ImDebris
508,ImDebris
509,ImDebris
510,ImDebris
511,ImDebris
512,ImDebris
513,ImDebris
514,ImDebris
515,ImDebris
516,ImDebris
517,ImDebris
518,ImDebris
519,ImDebris
520,ImDebris
521,ImDebris
522,ImDebris
523,ImDebris
524,ImDebris
525,ImDebris
526,ImDebris
527,ImDebris
528,ImDebris
529,ImDebris
530,ImDebris
531,ImDebris
532,ImDebris
533,ImDebris
534,ImDebris
535,ImDebris
536,ImDebris
537,ImDebris
538,ImDebris
539,ImDebris
540,ImDebris
541,ImDebris
542,ImDebris
543,ImDebris
544,ImDebris
545,ImDebris
546,ImDebris
547,ImDebris
548,ImDebris
549,ImDebris
550,ImDebris
551,ImDebris
552,ImDebris
553,ImDebris
554,ImDebris
555,ImDebris
556,ImDebris
557,ImDebris
558,ImDebris
559,ImDebris
560,ImDebris
561,ImDebris
562,ImDebris
563,ImDebris
564,ImDebris
565,ImDebris
566,ImDebris
567,ImDebris
568,ImDebris
569,ImDebris
570,ImDebris
571,ImDebris
572,ImDebris
573,ImDebris
574,ImDebris
575,ImDebris
576,ImDebris
577,ImDebris
578,ImDebris
579,ImDebris
580,ImDebris
581,ImDebris
582,ImDebris
583,ImDebris
584,ImDebris
585,ImDebris
586,ImDebris
587,ImDebris
588,ImDebris
589,ImDebris
0,WaterB
1,WaterB
2,WaterB
3,WaterB
4,WaterB
5,WaterB
6,WaterB
7,WaterB
8,WaterB
9,WaterB
10,WaterB
11,WaterB
12,WaterB
13,WaterB
14,WaterB
15,WaterB
16,WaterB
17,WaterB
18,WaterB
19,WaterB
20,WaterB
21,WaterB
22,WaterB
23,WaterB
24,WaterB
25,WaterB
26,WaterB
27,WaterB
28,WaterB
29,WaterB
30,WaterB
31,WaterB
32,WaterB
33,WaterB
34,WaterB
35,WaterB
36,WaterB
37,WaterB
38,WaterB
39,WaterB
40,WaterB
41,WaterB
42,WaterB
43,WaterB
44,WaterB
45,WaterB
46,WaterB
47,WaterB
48,WaterB
49,WaterB
50,WaterB
51,WaterB
52,WaterB
53,WaterB
54,WaterB
55,WaterB
56,WaterB
57,WaterB
58,WaterB
59,WaterB
60,WaterB
61,WaterB
62,WaterB
63,WaterB
64,WaterB
65,WaterB
66,WaterB
67,WaterB
68,WaterB
69,WaterB
70,WaterB
71,WaterB
72,WaterB
73,WaterB
74,WaterB
75,WaterB
76,WaterB
77,WaterB
78,WaterB
79,WaterB
80,WaterB
81,WaterB
82,WaterB
83,WaterB
84,WaterB
85,WaterB
86,WaterB
87,WaterB
88,WaterB
89,WaterB
90,WaterB
91,WaterB
92,WaterB
93,WaterB
94,WaterB
95,WaterB
96,WaterB
97,WaterB
98,WaterB
99,WaterB
100,WaterB
101,WaterB
102,WaterB
103,WaterB
104,WaterB
105,WaterB
106,WaterB
107,WaterB
108,WaterB
109,WaterB
110,WaterB
111,WaterB
112,WaterB
113,WaterB
114,WaterB
115,WaterB
116,WaterB
117,WaterB
118,WaterB
119,WaterB
120,WaterB
121,WaterB
122,WaterB
123,WaterB
124,WaterB
125,WaterB
126,WaterB
127,WaterB
128,WaterB
129,WaterB
130,WaterB
131,WaterB
132,WaterB
133,WaterB
134,WaterB
135,WaterB
136,WaterB
137,WaterB
138,WaterB
139,WaterB
140,WaterB
141,WaterB
142,WaterB
143,WaterB
144,WaterB
145,WaterB
146,WaterB
147,WaterB
148,WaterB
149,WaterB
150,WaterB
151,WaterB
152,WaterB
153,WaterB
154,WaterB
155,WaterB
156,WaterB
157,WaterB
158,WaterB
159,WaterB
160,WaterB
161,WaterB
162,WaterB
163,WaterB
164,WaterB
165,WaterB
166,WaterB
167,WaterB
168,WaterB
169,WaterB
170,WaterB
171,WaterB
172,WaterB
173,WaterB
174,WaterB
175,WaterB
176,WaterB
177,WaterB
178,WaterB
179,WaterB
180,WaterB
181,WaterB
182,WaterB
183,WaterB
184,WaterB
185,WaterB
186,WaterB
187,WaterB
188,WaterB
189,WaterB
190,WaterB
191,WaterB
192,WaterB
193,WaterB
194,WaterB
195,WaterB
196,WaterB
197,WaterB
198,WaterB
199,WaterB
200,WaterB
201,WaterB
202,WaterB
203,WaterB
204,WaterB
205,WaterB
206,WaterB
207,WaterB
208,WaterB
209,WaterB
210,WaterB
211,WaterB
212,WaterB
213,WaterB
214,WaterB
215,WaterB
216,WaterB
217,WaterB
218,WaterB
219,WaterB
220,WaterB
221,WaterB
222,WaterB
223,WaterB
224,WaterB
225,WaterB
226,WaterB
227,WaterB
228,WaterB
229,WaterB
230,WaterB
231,WaterB
232,WaterB
233,WaterB
234,WaterB
235,WaterB
236,WaterB
237,WaterB
238,WaterB
239,WaterB
240,WaterB
241,WaterB
242,WaterB
243,WaterB
244,WaterB
245,WaterB
246,WaterB
247,WaterB
248,WaterB
249,WaterB
250,WaterB
251,WaterB
252,WaterB
253,WaterB
254,WaterB
255,WaterB
256,WaterB
257,WaterB
258,WaterB
259,WaterB
260,WaterB
261,WaterB
262,WaterB
263,WaterB
264,WaterB
265,WaterB
266,WaterB
267,WaterB
268,WaterB
269,WaterB
270,WaterB
271,WaterB
272,WaterB
273,WaterB
274,WaterB
275,WaterB
276,WaterB
277,WaterB
278,WaterB
279,WaterB
280,WaterB
281,WaterB
282,WaterB
283,WaterB
284,WaterB
285,WaterB
286,WaterB
287,WaterB
288,WaterB
289,WaterB
290,WaterB
291,WaterB
292,WaterB
293,WaterB
294,WaterB
295,WaterB
296,WaterB
297,WaterB
298,WaterB
299,WaterB
300,WaterB
301,WaterB
302,WaterB
303,WaterB
304,WaterB
305,WaterB
306,WaterB
307,WaterB
308,WaterB
309,WaterB
310,WaterB
311,WaterB
312,WaterB
313,WaterB
314,WaterB
315,WaterB
316,WaterB
317,WaterB
318,WaterB
319,WaterB
320,WaterB
321,WaterB
322,WaterB
323,WaterB
324,WaterB
325,WaterB
326,WaterB
327,WaterB
328,WaterB
329,WaterB
330,WaterB
331,WaterB
332,WaterB
333,WaterB
334,WaterB
335,WaterB
336,WaterB
337,WaterB
338,WaterB
339,WaterB
340,WaterB
341,WaterB
342,WaterB
343,WaterB
344,WaterB
345,WaterB
346,WaterB
347,WaterB
348,WaterB
349,WaterB
350,WaterB
351,WaterB
352,WaterB
353,WaterB
354,WaterB
355,WaterB
356,WaterB
357,WaterB
358,WaterB
359,WaterB
360,WaterB
361,WaterB
362,WaterB
363,WaterB
364,WaterB
365,WaterB
366,WaterB
367,WaterB
368,WaterB
369,WaterB
370,WaterB
371,WaterB
372,WaterB
373,WaterB
374,WaterB
375,WaterB
376,WaterB
377,WaterB
378,WaterB
379,WaterB
380,WaterB
381,WaterB
382,WaterB
383,WaterB
384,WaterB
385,WaterB
386,WaterB
387,WaterB
388,WaterB
389,WaterB
390,WaterB
391,WaterB
392,WaterB
393,WaterB
394,WaterB
395,WaterB
396,WaterB
397,WaterB
398,WaterB
399,WaterB
400,WaterB
401,WaterB
402,WaterB
403,WaterB
404,WaterB
405,WaterB
406,WaterB
407,WaterB
408,WaterB
409,WaterB
410,WaterB
411,WaterB
412,WaterB
413,WaterB
414,WaterB
415,WaterB
416,WaterB
417,WaterB
418,WaterB
419,WaterB
420,WaterB
421,WaterB
422,WaterB
423,WaterB
424,WaterB
425,WaterB
426,WaterB
427,WaterB
428,WaterB
429,WaterB
430,WaterB
431,WaterB
432,WaterB
433,WaterB
434,WaterB
435,WaterB
436,WaterB
437,WaterB
438,WaterB
439,WaterB
440,WaterB
441,WaterB
442,WaterB
443,WaterB
444,WaterB
445,WaterB
446,WaterB
447,WaterB
448,WaterB
449,WaterB
450,WaterB
451,WaterB
452,WaterB
453,WaterB
454,WaterB
455,WaterB
456,WaterB
457,WaterB
458,WaterB
459,WaterB
460,WaterB
461,WaterB
462,WaterB
463,WaterB
464,WaterB
465,WaterB
466,WaterB
467,WaterB
468,WaterB
469,WaterB
470,WaterB
471,WaterB
472,WaterB
473,WaterB
474,WaterB
475,WaterB
476,WaterB
477,WaterB
478,WaterB
479,WaterB
480,WaterB
481,WaterB
482,WaterB
483,WaterB
484,WaterB
485,WaterB
486,WaterB
487,WaterB
488,WaterB
489,WaterB
490,WaterB
491,WaterB
492,WaterB
493,WaterB
494,WaterB
495,WaterB
496,WaterB
497,WaterB
498,WaterB
499,WaterB
500,WaterB
501,WaterB
502,WaterB
503,WaterB
504,WaterB
505,WaterB
506,WaterB
507,WaterB
508,WaterB
509,WaterB
510,WaterB
511,WaterB
512,WaterB
513,WaterB
514,WaterB
515,WaterB
516,WaterB
517,WaterB
518,WaterB
519,WaterB
520,WaterB
521,WaterB
522,WaterB
523,WaterB
524,WaterB
525,WaterB
526,WaterB
527,WaterB
528,WaterB
529,WaterB
530,WaterB
531,WaterB
532,WaterB
533,WaterB
534,WaterB
535,WaterB
536,WaterB
537,WaterB
538,WaterB
539,WaterB
